,Party,Votes,Votes %,Seats,Seats %
0,Labour Party,170976,55.04,37,55.223880597014926
1,Nationalist Party,135696,43.68,30,44.776119402985074
