,Party,Votes,Votes %,Seats,Seats %
0,Labour Party,167533,54.83,39,56.52173913043478
1,Nationalist Party,132426,43.34,30,43.47826086956522
